{
  "gn_size": 8,
  "lr_rate": 3.354503402777982e-05,
  "weight_decay": 0.00046133040351114917
}