{
  "gn_size": 4,
  "lr_rate": 6.846324719699346e-06,
  "weight_decay": 0.0002887411275646763
}