{
  "gn_size": 8,
  "lr_rate": 3.5719720090786265e-06,
  "weight_decay": 0.0008862776808389693
}