{"train_loss": [8.291150239674607, 4.45338993112091, 4.518019916067715, 4.595367078087293, 4.647473292381619, 4.6937857830344, 4.7553524590912275, 4.782146007972187, 4.824486872603302, 4.855075637999107, 4.892924651416251, 4.88783941991278, 4.907426526217023, 4.876260583929252, 4.874195228345343, 4.827601870856597, 4.799738285655621, 4.730123591230949, 4.6445331405848265, 4.537710439501097], "val_loss": [0.9884159232024103, 1.085388797975611, 1.0283264825120568, 0.9860804412164725, 0.9745749124558643, 0.9471402445342392, 1.0355801137629896, 0.9219618026982062, 0.9233798981877044, 0.9440522706136107, 0.9262475866707973, 0.9184645595378242, 0.9169590268866159, 0.936454915383365, 0.8911686456995085, 0.8978984308778308, 0.8941506327828392, 0.9006241978495382, 0.9103237179806456, 0.9282088521285914], "val_hists": [[3.0, 32.0, 57.0, 12420.0, 470674880.0, 435598336.0, 144514736.0, 54902728.0, 24340684.0, 14464326.0, 11457776.0, 11173421.0, 12891055.0, 16039338.0, 20160002.0, 24430188.0, 27263012.0, 27274306.0, 25137538.0, 22441758.0, 19816848.0, 17449576.0, 15221512.0, 13136161.0, 11215149.0, 9458850.0, 7874923.0, 6499210.0, 5329856.0, 4366846.0, 3558210.0, 2907601.0, 2385145.0, 1972826.0, 1641301.0, 1379439.0, 1159444.0, 977192.0, 825478.0, 700930.0, 591690.0, 503924.0, 429622.0, 364527.0, 310400.0, 264447.0, 225061.0, 191001.0, 160447.0, 135357.0, 114848.0, 98071.0, 83331.0, 70269.0, 59507.0, 49805.0, 41954.0, 35522.0, 31094.0, 26524.0, 22137.0, 18286.0, 14985.0, 12180.0, 10227.0, 8695.0, 6748.0, 5505.0, 4651.0, 3733.0, 3056.0, 2487.0, 1932.0, 1437.0, 1017.0, 715.0, 525.0, 341.0, 299.0, 261.0, 208.0, 95.0, 92.0, 70.0, 38.0, 23.0, 13.0, 19.0, 14.0, 3.0, 2.0, 1.0, 0.0, 1.0, 0.0, 0.0, 0.0, 0.0, 0.0, 0.0], [0.0, 19.0, 34.0, 2904.0, 490767232.0, 384613920.0, 146894928.0, 64518360.0, 29224212.0, 16646513.0, 11870994.0, 10206241.0, 10405709.0, 11992325.0, 14366720.0, 16907366.0, 19537908.0, 21946418.0, 23457222.0, 23197174.0, 21538472.0, 19630340.0, 17813172.0, 16097304.0, 14374451.0, 12713554.0, 11198913.0, 9790006.0, 8469478.0, 7256176.0, 6152369.0, 5186228.0, 4348092.0, 3646058.0, 3044700.0, 2540323.0, 2121351.0, 1795054.0, 1509797.0, 1276226.0, 1077877.0, 915450.0, 782835.0, 668121.0, 570245.0, 490957.0, 421137.0, 362791.0, 314724.0, 269173.0, 232304.0, 201364.0, 172799.0, 149334.0, 128761.0, 112083.0, 96506.0, 82138.0, 70894.0, 60934.0, 51795.0, 44590.0, 37583.0, 31349.0, 26565.0, 22511.0, 19213.0, 16063.0, 12962.0, 10282.0, 8995.0, 7486.0, 5956.0, 4848.0, 4200.0, 3459.0, 2801.0, 2384.0, 1944.0, 1456.0, 1208.0, 922.0, 782.0, 566.0, 441.0, 366.0, 240.0, 154.0, 157.0, 101.0, 42.0, 27.0, 18.0, 9.0, 7.0, 8.0, 1.0, 1.0, 0.0, 0.0], [71.0, 164.0, 961.0, 21003.0, 482336672.0, 404524320.0, 154948464.0, 58627040.0, 24994436.0, 14103114.0, 10273567.0, 9104348.0, 9599040.0, 11451086.0, 14634888.0, 18632012.0, 22471102.0, 24884278.0, 24716148.0, 23145132.0, 21376180.0, 19749076.0, 18023144.0, 16123400.0, 14150339.0, 12246142.0, 10431797.0, 8793211.0, 7344154.0, 6075193.0, 5040054.0, 4165477.0, 3452280.0, 2866613.0, 2386177.0, 2000874.0, 1681307.0, 1418729.0, 1200360.0, 1027298.0, 877072.0, 754538.0, 649569.0, 562335.0, 484886.0, 420731.0, 362786.0, 316686.0, 276499.0, 241443.0, 211063.0, 184487.0, 161008.0, 141163.0, 123432.0, 107100.0, 93336.0, 82047.0, 71520.0, 61675.0, 52580.0, 45294.0, 38705.0, 33663.0, 28579.0, 24510.0, 21312.0, 18525.0, 15876.0, 13580.0, 11554.0, 9854.0, 7811.0, 6269.0, 5454.0, 4541.0, 3576.0, 3042.0, 2563.0, 2125.0, 1579.0, 1249.0, 1022.0, 720.0, 527.0, 434.0, 305.0, 234.0, 180.0, 143.0, 65.0, 30.0, 26.0, 11.0, 14.0, 15.0, 13.0, 4.0, 1.0, 0.0], [197.0, 646.0, 2115.0, 44994.0, 521143168.0, 376830080.0, 141654640.0, 61079568.0, 25557558.0, 14713095.0, 11531255.0, 11381028.0, 12878417.0, 14984348.0, 17140348.0, 19664384.0, 22051700.0, 23425476.0, 23096404.0, 21830790.0, 19867078.0, 17944736.0, 16133767.0, 14366603.0, 12643874.0, 11035493.0, 9574581.0, 8220150.0, 7038410.0, 5973519.0, 5058038.0, 4251712.0, 3579458.0, 2997699.0, 2515640.0, 2112416.0, 1768958.0, 1493110.0, 1271102.0, 1081118.0, 922135.0, 789136.0, 679685.0, 583181.0, 501484.0, 433589.0, 371404.0, 320008.0, 277517.0, 239693.0, 209718.0, 183033.0, 159224.0, 138535.0, 119492.0, 102574.0, 89048.0, 76949.0, 64894.0, 55964.0, 48570.0, 42152.0, 35312.0, 30403.0, 25766.0, 21381.0, 18024.0, 15009.0, 12334.0, 10034.0, 8672.0, 7436.0, 5965.0, 4736.0, 3722.0, 3027.0, 2595.0, 2318.0, 1751.0, 1253.0, 891.0, 837.0, 662.0, 544.0, 394.0, 289.0, 199.0, 145.0, 111.0, 112.0, 66.0, 53.0, 33.0, 11.0, 7.0, 5.0, 1.0, 1.0, 1.0, 0.0], [24.0, 167.0, 635.0, 8930.0, 573684608.0, 341183296.0, 139440992.0, 55513916.0, 23262460.0, 13475158.0, 10550752.0, 10815122.0, 13764693.0, 18678048.0, 23919688.0, 27096836.0, 26745644.0, 24870208.0, 23043868.0, 21138896.0, 19088806.0, 16851358.0, 14628606.0, 12476203.0, 10515811.0, 8789438.0, 7271215.0, 5986494.0, 4914249.0, 4041620.0, 3341120.0, 2787533.0, 2335062.0, 1972153.0, 1678827.0, 1433745.0, 1228957.0, 1056782.0, 911632.0, 791983.0, 685793.0, 597408.0, 518673.0, 452997.0, 396021.0, 346801.0, 306532.0, 266796.0, 233073.0, 203095.0, 176381.0, 151825.0, 131236.0, 115036.0, 100281.0, 86374.0, 73398.0, 64278.0, 55080.0, 47691.0, 41655.0, 35552.0, 29727.0, 24821.0, 21770.0, 18344.0, 14991.0, 12406.0, 10453.0, 8785.0, 7225.0, 5773.0, 4748.0, 4040.0, 3359.0, 2657.0, 2119.0, 1749.0, 1377.0, 1020.0, 719.0, 543.0, 516.0, 378.0, 304.0, 236.0, 208.0, 159.0, 166.0, 119.0, 58.0, 27.0, 10.0, 4.0, 1.0, 3.0, 1.0, 0.0, 0.0, 0.0], [30.0, 164.0, 717.0, 6871.0, 483715328.0, 388320288.0, 163064864.0, 63105716.0, 26036674.0, 14872518.0, 11237142.0, 10680915.0, 12020278.0, 14792583.0, 18721648.0, 22785084.0, 25994934.0, 26933216.0, 25334586.0, 22771348.0, 20426150.0, 18170104.0, 15949141.0, 13870806.0, 11944383.0, 10217928.0, 8656604.0, 7274655.0, 6066393.0, 5005096.0, 4123493.0, 3404749.0, 2815093.0, 2345150.0, 1973111.0, 1663374.0, 1403700.0, 1193800.0, 1019732.0, 875071.0, 756035.0, 657098.0, 571491.0, 495470.0, 433701.0, 378819.0, 331880.0, 292630.0, 254846.0, 222474.0, 192998.0, 168085.0, 146281.0, 126245.0, 109583.0, 94401.0, 81716.0, 70268.0, 59854.0, 50725.0, 43686.0, 37440.0, 31279.0, 26784.0, 22378.0, 18725.0, 16358.0, 13683.0, 10965.0, 9039.0, 7489.0, 6324.0, 5479.0, 4856.0, 3921.0, 2934.0, 2334.0, 1907.0, 1458.0, 1158.0, 871.0, 663.0, 543.0, 399.0, 306.0, 248.0, 144.0, 104.0, 86.0, 54.0, 64.0, 27.0, 7.0, 6.0, 5.0, 17.0, 16.0, 12.0, 6.0, 13.0], [196.0, 430.0, 1074.0, 6766.0, 441142560.0, 425412224.0, 165223392.0, 64754768.0, 27044792.0, 14662527.0, 10462943.0, 9129006.0, 9391022.0, 10855457.0, 13003111.0, 15793300.0, 19369990.0, 22701244.0, 24320340.0, 23510304.0, 21842886.0, 19993674.0, 18233644.0, 16438409.0, 14649350.0, 12937128.0, 11268385.0, 9676856.0, 8205228.0, 6897340.0, 5772800.0, 4812519.0, 4015294.0, 3354050.0, 2800784.0, 2354776.0, 1987262.0, 1688417.0, 1442421.0, 1235453.0, 1063402.0, 917012.0, 794006.0, 688773.0, 598232.0, 521796.0, 455498.0, 401037.0, 350350.0, 306040.0, 271559.0, 237728.0, 208949.0, 184543.0, 160874.0, 140566.0, 122876.0, 108087.0, 93176.0, 81266.0, 69637.0, 59154.0, 50387.0, 44406.0, 38198.0, 32442.0, 27311.0, 23181.0, 19771.0, 16478.0, 13898.0, 12094.0, 10317.0, 8336.0, 6749.0, 5607.0, 4776.0, 3976.0, 3310.0, 2725.0, 2369.0, 1773.0, 1359.0, 983.0, 752.0, 567.0, 432.0, 396.0, 278.0, 193.0, 123.0, 93.0, 44.0, 30.0, 18.0, 19.0, 17.0, 4.0, 3.0, 1.0], [0.0, 118.0, 194.0, 4154.0, 536416736.0, 367824992.0, 149364368.0, 55337784.0, 23066974.0, 13497580.0, 10521010.0, 10556468.0, 12704651.0, 16464492.0, 20203804.0, 23336950.0, 25648758.0, 25861268.0, 24137288.0, 21979958.0, 19894080.0, 17858000.0, 15757577.0, 13728635.0, 11792773.0, 10010629.0, 8407687.0, 6959074.0, 5741538.0, 4679874.0, 3796116.0, 3080862.0, 2523445.0, 2065088.0, 1691019.0, 1397618.0, 1169322.0, 989480.0, 841102.0, 716348.0, 614160.0, 525243.0, 453373.0, 390716.0, 339548.0, 293880.0, 256773.0, 222724.0, 194113.0, 169038.0, 147022.0, 128388.0, 112543.0, 98889.0, 86814.0, 76359.0, 64973.0, 