{
  "gn_size": 4,
  "lr_rate": 1.9386717413798604e-06,
  "weight_decay": 0.0005062606765066568
}