{
  "gn_size": 8,
  "lr_rate": 2.085215314056865e-06,
  "weight_decay": 0.000386518571662157
}