{
  "gn_size": 2,
  "lr_rate": 2.171398386492236e-05,
  "weight_decay": 0.0004887588487920857
}