{"train loss": [15.824527392454911, 12.59698101808317, 11.819638870219933, 11.23132030016859, 10.718708874133881, 10.374501425714698, 10.020439045241801, 9.725768676013104, 9.447595091580297, 9.206478138701641, 9.005174487669137, 8.831078755305498, 8.676411066597211, 8.524196732440032, 8.390425765392138, 8.281036465545185, 8.169903674715897, 8.079617867682828, 7.984752011281671, 7.902819163122331], "val loss": [1.1663383682607673, 1.2068392059300095, 1.1433130595833063, 1.1890431019710377, 1.0926711104111746, 1.1846899343945552, 1.055770220584236, 1.1004892402561381, 1.105636639520526, 1.1728965939837508, 1.1104394786525518, 1.0957162813283503, 1.1195030938251875, 1.124910194601398, 1.1664738179533742, 1.158109062933363, 1.1711022274685092, 1.1368049958255142, 1.133309414901305, 1.19105411315104], "val hists": [[1582.0, 4206.0, 13930.0, 1154040.0, 811424064.0, 522863616.0, 219294112.0, 92737160.0, 38484324.0, 22272440.0, 16778596.0, 15483920.0, 17526404.0, 22501552.0, 28627198.0, 35024776.0, 39873204.0, 40457964.0, 38938792.0, 37161456.0, 34465852.0, 30674016.0, 26284708.0, 21886964.0, 17997224.0, 14656750.0, 11829617.0, 9478118.0, 7598731.0, 6088374.0, 4912273.0, 3979889.0, 3244732.0, 2679823.0, 2237978.0, 1874404.0, 1577127.0, 1333967.0, 1129624.0, 965431.0, 830692.0, 712679.0, 617299.0, 537450.0, 466757.0, 410758.0, 358637.0, 312014.0, 273749.0, 241236.0, 212511.0, 184790.0, 160771.0, 140542.0, 122037.0, 106436.0, 93105.0, 81738.0, 70443.0, 61413.0, 53663.0, 46059.0, 38318.0, 32108.0, 27605.0, 23427.0, 19835.0, 16606.0, 13900.0, 11375.0, 9302.0, 7355.0, 6227.0, 5190.0, 3734.0, 2977.0, 2426.0, 1832.0, 1253.0, 940.0, 679.0, 456.0, 298.0, 200.0, 106.0, 39.0, 37.0, 31.0, 22.0, 6.0, 1.0, 1.0, 0.0, 0.0, 0.0, 0.0, 0.0, 0.0, 0.0, 0.0], [540.0, 1549.0, 8218.0, 686009.0, 682071424.0, 604456704.0, 231846304.0, 107879480.0, 48582480.0, 25174600.0, 16809242.0, 14058316.0, 14243352.0, 16520691.0, 20076908.0, 24629628.0, 30048028.0, 35530944.0, 37758412.0, 36944804.0, 35115888.0, 32757056.0, 29734272.0, 26355568.0, 22897756.0, 19492464.0, 16358163.0, 13635231.0, 11318157.0, 9325220.0, 7631685.0, 6288307.0, 5187005.0, 4261057.0, 3515721.0, 2920966.0, 2441791.0, 2052109.0, 1736389.0, 1478380.0, 1267511.0, 1094357.0, 947735.0, 822155.0, 714688.0, 627382.0, 550112.0, 484875.0, 426428.0, 375106.0, 330966.0, 291220.0, 258699.0, 227534.0, 199481.0, 177912.0, 158038.0, 139343.0, 121535.0, 106262.0, 94929.0, 83930.0, 72969.0, 63020.0, 55128.0, 47361.0, 41141.0, 34893.0, 29965.0, 25794.0, 22207.0, 19074.0, 16831.0, 14222.0, 11528.0, 10125.0, 8434.0, 7072.0, 5596.0, 4462.0, 3825.0, 3186.0, 2836.0, 2259.0, 1752.0, 1168.0, 778.0, 691.0, 534.0, 405.0, 310.0, 285.0, 193.0, 174.0, 143.0, 61.0, 37.0, 21.0, 23.0, 13.0], [0.0, 51.0, 3006.0, 274743.0, 708602496.0, 592309824.0, 240199552.0, 101694832.0, 42894092.0, 23139870.0, 17200912.0, 17220842.0, 19908696.0, 22932406.0, 27130028.0, 32101364.0, 37005824.0, 39923976.0, 38772220.0, 35714080.0, 32657884.0, 29282276.0, 25616934.0, 21871028.0, 18349364.0, 15192069.0, 12499424.0, 10178137.0, 8284867.0, 6744312.0, 5492677.0, 4490229.0, 3687282.0, 3054420.0, 2540595.0, 2117859.0, 1774035.0, 1504669.0, 1276033.0, 1089619.0, 935757.0, 809589.0, 703892.0, 610976.0, 533255.0, 463013.0, 405736.0, 355299.0, 308540.0, 270497.0, 237704.0, 208303.0, 180856.0, 157963.0, 137245.0, 118493.0, 101546.0, 87387.0, 75456.0, 65162.0, 56301.0, 48466.0, 40537.0, 34253.0, 29862.0, 24784.0, 20319.0, 16134.0, 13555.0, 10943.0, 8963.0, 7576.0, 6124.0, 5032.0, 4119.0, 3388.0, 2725.0, 2040.0, 1482.0, 1183.0, 851.0, 644.0, 487.0, 367.0, 277.0, 233.0, 160.0, 74.0, 61.0, 22.0, 3.0, 2.0, 2.0, 18.0, 24.0, 11.0, 2.0, 0.0, 0.0, 0.0], [72.0, 510.0, 5911.0, 471526.0, 811192448.0, 492949152.0, 230602224.0, 100767824.0, 44862204.0, 23047106.0, 16055072.0, 14199236.0, 15284131.0, 18148164.0, 21550344.0, 25063676.0, 29035000.0, 32654780.0, 35354800.0, 35768000.0, 33976560.0, 31236480.0, 28387790.0, 25394972.0, 22382084.0, 19395980.0, 16526365.0, 13928589.0, 11639206.0, 9642316.0, 7993825.0, 6649918.0, 5548134.0, 4638171.0, 3894395.0, 3282541.0, 2773723.0, 2355910.0, 2012753.0, 1724936.0, 1488757.0, 1280966.0, 1104305.0, 959874.0, 833186.0, 728921.0, 637273.0, 560065.0, 491926.0, 432085.0, 381335.0, 336649.0, 296846.0, 261829.0, 228972.0, 198469.0, 172799.0, 150842.0, 132011.0, 116064.0, 100532.0, 86025.0, 73590.0, 63053.0, 54690.0, 46119.0, 38576.0, 33208.0, 27983.0, 23162.0, 19596.0, 16272.0, 12875.0, 10870.0, 9263.0, 7709.0, 6406.0, 5013.0, 3833.0, 2793.0, 2107.0, 1594.0, 1388.0, 1108.0, 811.0, 495.0, 350.0, 252.0, 180.0, 109.0, 49.0, 25.0, 39.0, 48.0, 21.0, 11.0, 9.0, 5.0, 0.0, 0.0], [23.0, 349.0, 4026.0, 164135.0, 685564672.0, 595652224.0, 265878960.0, 99487952.0, 39233584.0, 21733278.0, 16482651.0, 16063354.0, 18952448.0, 23176168.0, 27928612.0, 32542304.0, 36481324.0, 38963084.0, 38805360.0, 35935992.0, 32321548.0, 28844068.0, 25303852.0, 21807580.0, 18492716.0, 15479442.0, 12830336.0, 10605321.0, 8725211.0, 7183226.0, 5926284.0, 4901953.0, 4051760.0, 3364749.0, 2802621.0, 2350972.0, 1972009.0, 1662599.0, 1410438.0, 1200642.0, 1028861.0, 883146.0, 759123.0, 659948.0, 573546.0, 500255.0, 433321.0, 377474.0, 331668.0, 287741.0, 248486.0, 216937.0, 189344.0, 163421.0, 140906.0, 121395.0, 102622.0, 87759.0, 75366.0, 64385.0, 54235.0, 45732.0, 37966.0, 31980.0, 26877.0, 22488.0, 18529.0, 14279.0, 11265.0, 9311.0, 7571.0, 6087.0, 4697.0, 3724.0, 3039.0, 2381.0, 1883.0, 1432.0, 1067.0, 740.0, 534.0, 391.0, 328.0, 249.0, 152.0, 105.0, 83.0, 48.0, 22.0, 3.0, 1.0, 1.0, 2.0, 0.0, 0.0, 0.0, 0.0, 0.0, 0.0, 0.0], [74.0, 367.0, 4448.0, 235746.0, 732790208.0, 577545984.0, 250283712.0, 95265152.0, 38017948.0, 20703108.0, 15775766.0, 15781008.0, 19784454.0, 26209044.0, 33002692.0, 38676332.0, 42113272.0, 41613976.0, 38479908.0, 34803436.0, 31088368.0, 27149662.0, 23200884.0, 19522068.0, 16231938.0, 13321953.0, 10785264.0, 8676262.0, 6937458.0, 5579833.0, 4495118.0, 3642929.0, 2975129.0, 2450375.0, 2024272.0, 1691776.0, 1424401.0, 1216451.0, 1042767.0, 896989.0, 778257.0, 677410.0, 595533.0, 526406.0, 464223.0, 411606.0, 363952.0, 322585.0, 284378.0, 250199.0, 222636.0, 195996.0, 174122.0, 153913.0, 135759.0, 118458.0, 104645.0, 91623.0, 78934.0, 67550.0, 58867.0, 50258.0, 43565.0, 38007.0, 32868.0, 27605.0, 22743.0, 18698.0, 15748.0, 13666.0, 11348.0, 9292.0, 7685.0, 6433.0, 5162.0, 4156.0, 3307.0, 2840.0, 2245.0, 1632.0, 1120.0, 924.0, 768.0, 532.0, 448.0, 334.0, 221.0, 170.0, 109.0, 64.0, 38.0, 33.0, 21.0, 19.0, 21.0, 22.0, 7.0, 3.0, 1.0, 0.0], [119.0, 786.0, 4506.0, 203742.0, 724537920.0, 578768832.0, 237572624.0, 101508624.0, 44309936.0, 23333632.0, 16635030.0, 15597119.0, 18213224.0, 22071786.0, 26590212.0, 31644706.0, 37019200.0, 39977112.0, 38602580.0, 35825064.0, 32757072.0, 29474662.0, 25872642.0, 22192796.0, 18695228.0, 15593439.0, 12914463.0, 10618098.0, 8668155.0, 7056913.0, 5750608.0, 4716790.0, 3872226.0, 3185829.0, 2636660.0, 2186185.0, 1825650.0, 1537809.0, 1301130.0, 1104886.0, 944842.0, 814715.0, 708501.0, 615434.0, 540926.0, 474519.0, 418759.0, 374626.0, 329387.0, 289818.0, 253114.0, 223079.0, 198227.0, 175353.0, 153207.0, 135041.0, 119474.0, 104876.0, 90667.0, 78071.0, 67406.0, 58745.0, 50297.0, 42860.0, 35630.0, 29948.0, 25229.0, 21293.0, 17837.0, 14581.0, 11414.0, 9471.0, 7666.0, 6442.0, 4911.0, 3682.0, 2922.0, 2220.0, 1767.0, 1390.0, 1076.0, 799.0, 592.0, 424.0, 256.0, 176.0, 140.0, 135.0, 83.0, 42.0, 42.0, 23.0, 9.0, 5.0, 1.0, 1.0, 0.0, 0.0, 0.0, 0.0], [0.0, 197.0, 4614.0, 230850.0, 752005504.0, 559587456.0, 230407984.0, 96555056.0, 44317560.0, 24335352.0, 16914458.0, 15530322.0, 18017294.0, 21590148.0, 26043204.0, 30582050.0, 34967240.0, 37739068.0, 37675444.0, 35614052.0, 32699884.0, 29619156.0, 26283444.0, 22863028.0, 19584292.0, 16526827.0, 13770874.0, 11420304.0, 9416634.0, 7734580.0, 6359989.0, 5247225.0, 4334017.0, 3589340.0, 2987191.0, 2496027.0, 2088114.0, 1757869.0, 1478589.0, 1256370.0, 1070027.0, 918784.0, 791236.0, 683648.0, 592032.0, 517846.0, 